Time,Morgan_Stanley_count,Goldman_Sachs_count,BlackRock_count,positive_count,negative_count,Morgan_Stanley_positive_count,Morgan_Stanley_negative_count,Goldman_Sachs_positive_count,Goldman_Sachs_negative_count,BlackRock_positive_count,BlackRock_negative_count,total_msg_count,Morgan_Stanley_frac,Goldman_Sachs_frac,BlackRock_frac,positive_frac,negative_frac,Morgan_Stanley_positive_frac,Morgan_Stanley_negative_frac,Goldman_Sachs_positive_frac,Goldman_Sachs_negative_frac,BlackRock_positive_frac,BlackRock_negative_frac
2008-01-01,0,0,0,21,106,0,0,0,0,0,0,248,0.0,0.0,0.0,0.0846774193548387,0.4274193548387097,0.0,0.0,0.0,0.0,0.0,0.0
2008-01-02,28,18,10,379,835,0,22,0,16,0,16,2873,0.009745910198398886,0.006265227984684998,0.003480682213713888,0.13191785589975635,0.29063696484510965,0.0,0.007657500870170553,0.0,0.005569091541942221,0.0,0.005569091541942221
2008-01-03,34,17,5,422,986,0,30,0,14,0,7,3330,0.01021021021021021,0.005105105105105105,0.0015015015015015015,0.12672672672672672,0.2960960960960961,0.0,0.009009009009009009,0.0,0.004204204204204204,0.0,0.002102102102102102
2008-01-04,25,18,5,334,869,0,24,0,17,0,7,2592,0.009645061728395061,0.006944444444444444,0.0019290123456790122,0.12885802469135801,0.33526234567901236,0.0,0.009259259259259259,0.0,0.006558641975308642,0.0,0.002700617283950617
2008-01-05,0,0,0,44,129,0,0,0,0,0,0,266,0.0,0.0,0.0,0.16541353383458646,0.4849624060150376,0.0,0.0,0.0,0.0,0.0,0.0
2008-01-06,0,0,0,65,124,0,0,0,0,0,0,327,0.0,0.0,0.0,0.19877675840978593,0.37920489296636084,0.0,0.0,0.0,0.0,0.0,0.0
2008-01-07,32,17,10,549,1178,0,28,0,14,0,12,3946,0.008109477952356817,0.004308160162189559,0.002534211860111505,0.13912823112012165,0.29853015712113534,0.0,0.007095793208312215,0.0,0.0035478966041561076,0.0,0.0030410542321338066
2008-01-08,26,20,8,569,1186,0,24,0,17,0,9,3883,0.006695853721349472,0.0051506567087303634,0.0020602626834921455,0.14653618336337884,0.3054339428277105,0.0,0.006180788050476436,0.0,0.004378058202420809,0.0,0.0023177955189286636
2008-01-09,31,24,11,498,1128,0,27,0,21,0,15,3483,0.008900373241458513,0.0068906115417743325,0.003158196956646569,0.1429801894918174,0.32385874246339363,0.0,0.007751937984496124,0.0,0.006029285099052541,0.0,0.004306632213608958
2008-01-10,25,17,6,484,1101,0,20,0,14,0,8,3648,0.006853070175438596,0.004660087719298245,0.001644736842105263,0.13267543859649122,0.30180921052631576,0.0,0.005482456140350877,0.0,0.003837719298245614,0.0,0.0021929824561403508
2008-01-11,0,0,0,45,109,0,0,0,0,0,0,298,0.0,0.0,0.0,0.15100671140939598,0.36577181208053694,0.0,0.0,0.0,0.0,0.0,0.0
2008-01-12,0,0,0,24,113,0,0,0,0,0,0,226,0.0,0.0,0.0,0.10619469026548672,0.5,0.0,0.0,0.0,0.0,0.0,0.0
2008-01-13,0,0,0,61,178,0,0,0,0,0,0,393,0.0,0.0,0.0,0.15521628498727735,0.4529262086513995,0.0,0.0,0.0,0.0,0.0,0.0
2008-01-14,28,18,7,587,1111,2,25,0,14,0,10,3691,0.007586020048767272,0.004876727174207532,0.001896505012191818,0.15903549173665674,0.3010024383635871,0.000541858574911948,0.00677323218639935,0.0,0.003793010024383636,0.0,0.00270929287455974
2008-01-15,28,14,7,542,1295,0,26,0,13,0,9,3942,0.007102993404363267,0.0035514967021816335,0.0017757483510908167,0.13749365804160324,0.3285134449518011,0.0,0.006595636732623034,0.0,0.003297818366311517,0.0,0.00228310502283105
2008-01-16,25,22,8,521,1280,1,21,0,20,0,10,3754,0.006659563132658497,0.005860415556739478,0.002131060202450719,0.1387852956846031,0.3409696323921151,0.0002663825253063399,0.005594033031433138,0.0,0.005327650506126798,0.0,0.002663825253063399
2008-01-17,31,13,9,587,1388,2,31,0,12,0,11,3797,0.008164340268633132,0.003423755596523571,0.00237029233605478,0.1545957334737951,0.36555175138267054,0.0005267316302343956,0.008164340268633132,0.0,0.0031603897814063736,0.0,0.0028970239662891757
2008-01-18,32,22,6,400,1070,2,26,1,21,0,8,3129,0.010226909555768616,0.007031000319590924,0.0019175455417066154,0.1278363694471077,0.3419622882710131,0.0006391818472355385,0.008309364014062001,0.00031959092361776926,0.006711409395973154,0.0,0.002556727388942154
2008-01-19,0,0,0,34,189,0,0,0,0,0,0,357,0.0,0.0,0.0,0.09523809523809523,0.5294117647058824,0.0,0.0,0.0,0.0,0.0,0.0
2008-01-20,0,0,0,51,142,0,0,0,0,0,0,309,0.0,0.0,0.0,0.1650485436893204,0.459546925566343,0.0,0.0,0.0,0.0,0.0,0.0
2008-01-21,27,22,5,384,877,0,27,0,21,0,7,2645,0.010207939508506616,0.00831758034026465,0.001890359168241966,0.14517958412098297,0.33156899810964086,0.0,0.010207939508506616,0.0,0.007939508506616257,0.0,0.0026465028355387526
2008-01-22,21,15,6,685,1442,0,17,0,15,0,8,4162,0.005045651129264777,0.0036040365209034117,0.0014416146083613647,0.16458433445458914,0.34646804420951466,0.0,0.004084574723690533,0.0,0.0036040365209034117,0.0,0.0019221528111484864
2008-01-23,30,10,8,605,1337,1,25,0,10,0,10,3897,0.007698229407236336,0.0025660764690787785,0.002052861175263023,0.1552476263792661,0.3430844239158327,0.00025660764690787786,0.006415191172696947,0.0,0.0025660764690787785,0.0,0.0025660764690787785
2008-01-24,35,31,9,561,1317,1,32,0,29,0,11,3851,0.009088548428979486,0.00804985717995326,0.0023370553103090105,0.14567644767592833,0.34198909374188524,0.00025967281225655674,0.008309529992209816,0.0,0.007530511555440145,0.0,0.002856400934822124
2008-01-25,37,20,11,388,1061,0,35,0,22,0,15,3002,0.012325116588940706,0.006662225183211193,0.0036642238507661557,0.12924716855429713,0.35343104596935376,0.0,0.011658894070619586,0.0,0.0073284477015323115,0.0,0.004996668887408394
2008-01-26,0,0,0,33,141,0,0,0,0,0,0,361,0.0,0.0,0.0,0.09141274238227147,0.39058171745152354,0.0,0.0,0.0,0.0,0.0,0.0
2008-01-27,0,0,0,48,124,0,0,0,0,0,0,310,0.0,0.0,0.0,0.15483870967741936,0.4,0.0,0.0,0.0,0.0,0.0,0.0
2008-01-28,29,17,8,508,1105,0,28,0,17,0,11,3591,0.00807574491785018,0.004734057365636313,0.002227791701475912,0.1414647730437204,0.30771372876636033,0.0,0.007797270955165692,0.0,0.004734057365636313,0.0,0.003063213589529379
2008-01-29,36,15,8,616,1259,0,33,0,12,0,11,4080,0.008823529411764706,0.003676470588235294,0.00196078431372549,0.15098039215686274,0.30857843137254903,0.0,0.008088235294117648,0.0,0.0029411764705882353,0.0,0.002696078431372549
2008-01-30,39,39,10,526,1360,1,36,0,37,1,12,3883,0.010043780582024209,0.010043780582024209,0.0025753283543651817,0.13546227143960854,0.3502446561936647,0.0002575328354365182,0.009271182075714654,0.0,0.009528714911151173,0.0002575328354365182,0.003090394025238218
2008-01-31,30,30,8,551,1336,0,27,0,27,1,10,4452,0.006738544474393531,0.006738544474393531,0.0017969451931716084,0.12376460017969453,0.3000898472596586,0.0,0.006064690026954178,0.0,0.006064690026954178,0.00022461814914645105,0.0022461814914645105
2008-02-01,35,25,9,404,1097,1,33,0,23,1,11,3419,0.010236911377595788,0.007312079555425563,0.0026323486399532025,0.1181632056156771,0.3208540508920737,0.0002924831822170225,0.009651945013161743,0.0,0.006727113190991518,0.0002924831822170225,0.0032173150043872476
2008-02-02,0,0,1,46,187,0,0,0,0,0,2,349,0.0,0.0,0.0028653295128939827,0.1318051575931232,0.5358166189111748,0.0,0.0,0.0,0.0,0.0,0.0057306590257879654
2008-02-03,1,0,0,48,122,0,0,0,0,0,0,286,0.0034965034965034965,0.0,0.0,0.16783216783216784,0.42657342657342656,0.0,0.0,0.0,0.0,0.0,0.0
2008-02-04,33,26,6,489,1170,0,29,0,23,1,7,3903,0.008455034588777863,0.006661542403279528,0.0015372790161414297,0.12528823981552653,0.2997694081475788,0.0,0.007430181911350244,0.0,0.0058929028952088135,0.00025621316935690495,0.0017934921854983346
2008-02-05,37,24,11,481,1327,0,34,0,22,0,13,3923,0.009431557481519245,0.006117767015039511,0.002803976548559776,0.12261024725975019,0.33826153453989294,0.0,0.008666836604639306,0.0,0.005607953097119552,0.0,0.003313790466479735
2008-02-06,32,21,10,508,1370,0,28,0,21,0,13,3847,0.008318170002599427,0.005458799064205874,0.0025994281258123215,0.13205094879126592,0.356121653236288,0.0,0.0072783987522745,0.0,0.005458799064205874,0.0,0.0033792565635560176
2008-02-07,30,26,8,514,1205,0,25,0,25,0,10,3931,0.007631645891630628,0.006614093106079878,0.002035105571101501,0.13075553294327144,0.3065377766471636,0.0,0.00635970490969219,0.0,0.00635970490969219,0.0,0.0025438819638768763
2008-02-08,34,27,9,331,1060,0,33,0,27,0,11,2994,0.011356045424181697,0.009018036072144289,0.003006012024048096,0.11055444221776888,0.35404141616566465,0.0,0.011022044088176353,0.0,0.009018036072144289,0.0,0.003674014696058784
2008-02-09,1,0,0,48,164,0,1,0,0,0,0,345,0.002898550724637681,0.0,0.0,0.1391304347826087,0.4753623188405797,0.0,0.002898550724637681,0.0,0.0,0.0,0.0
2008-02-10,0,0,0,50,117,0,0,0,0,0,0,316,0.0,0.0,0.0,0.15822784810126583,0.370253164556962,0.0,0.0,0.0,0.0,0.0,0.0
2008-02-11,24,28,10,522,1092,0,23,1,26,0,14,3697,0.0064917500676223965,0.007573708412226129,0.002704895861509332,0.1411955639707871,0.295374628076819,0.0,0.0062212604814714636,0.0002704895861509332,0.007032729239924263,0.0,0.0037868542061130646
2008-02-12,33,29,7,582,1236,0,25,0,29,1,9,3887,0.008489837921276049,0.007460766658091073,0.0018008747105737071,0.14972986879341393,0.31798302032415743,0.0,0.006431695394906097,0.0,0.007460766658091073,0.0002572678157962439,0.002315410342166195
2008-02-13,42,32,7,573,1256,0,32,0,29,1,9,3817,0.01100340581608593,0.008383547288446425,0.0018339009693476552,0.15011789363374378,0.32905423107152215,0.0,0.008383547288446425,0.0,0.007597589730154571,0.00026198585276395077,0.002357872674875557
2008-02-14,25,27,8,528,1189,0,24,0,26,0,11,3766,0.006638343069569836,0.007169410515135422,0.002124269782262347,0.14020180562931492,0.31571959638874136,0.0,0.006372809346787042,0.0,0.006903876792352629,0.0,0.0029208709506107276
2008-02-15,35,26,9,439,1108,1,22,0,26,1,12,3144,0.0111323155216285,0.00826972010178117,0.0028625954198473282,0.13963104325699746,0.3524173027989822,0.0003180661577608143,0.006997455470737914,0.0,0.00826972010178117,0.0003180661577608143,0.003816793893129771
2008-02-16,0,0,0,56,155,0,0,0,0,0,0,319,0.0,0.0,0.0,0.1755485893416928,0.48589341692789967,0.0,0.0,0.0,0.0,0.0,0.0
2008-02-17,0,0,0,36,198,0,0,0,0,0,0,390,0.0,0.0,0.0,0.09230769230769231,0.5076923076923077,0.0,0.0,0.0,0.0,0.0,0.0
2008-02-18,24,23,7,348,703,1,23,0,22,0,9,2297,0.01044841097083152,0.01001306051371354,0.0030474531998258597,0.15150195907705702,0.3060513713539399,0.00043535045711797995,0.01001306051371354,0.0,0.00957771005659556,0.0,0.00391815411406182
2008-02-19,23,30,9,642,1262,0,15,0,26,1,13,3969,0.005794910556815319,0.007558578987150416,0.0022675736961451248,0.1617535903250189,0.3179642227261275,0.0,0.003779289493575208,0.0,0.00655076845553036,0.0002519526329050139,0.00327538422776518
2008-02-20,26,27,10,555,1242,1,21,0,23,0,12,3859,0.006737496760818865,0.00699663125161959,0.002591344908007256,0.1438196423944027,0.32184503757450117,0.0002591344908007256,0.005441824306815237,0.0,0.005960093288416689,0.0,0.003109613889608707
2008-02-21,26,24,11,486,1166,1,20,0,23,0,13,3664,0.007096069868995633,0.006550218340611353,0.003002183406113537,0.1326419213973799,0.3182314410480349,0.0002729257641921397,0.0054585152838427945,0.0,0.006277292576419214,0.0,0.0035480349344978166
2008-02-22,27,23,9,345,1111,0,23,0,19,0,11,3088,0.008743523316062176,0.007448186528497409,0.0029145077720207253,0.11172279792746113,0.359779792746114,0.0,0.007448186528497409,0.0,0.006152849740932643,0.0,0.003562176165803109
2008-02-23,0,0,0,21,133,0,0,0,0,0,0,272,0.0,0.0,0.0,0.07720588235294118,0.4889705882352941,0.0,0.0,0.0,0.0,0.0,0.0
2008-02-24,0,0,0,40,114,0,0,0,0,0,0,353,0.0,0.0,0.0,0.11331444759206799,0.32294617563739375,0.0,0.0,0.0,0.0,0.0,0.0
2008-02-25,28,27,10,554,1115,1,21,0,22,0,12,3673,0.007623196297304655,0.007350939286686632,0.002722570106180234,0.15083038388238498,0.3035665668390961,0.0002722570106180234,0.0057173972229784915,0.0,0.005989654233596515,0.0,0.003267084127416281
2008-02-26,32,22,10,607,1317,2,17,0,21,1,13,4070,0.007862407862407862,0.005405405405405406,0.002457002457002457,0.14914004914004914,0.3235872235872236,0.0004914004914004914,0.004176904176904177,0.0,0.005159705159705159,0.0002457002457002457,0.0031941031941031942
2008-02-27,31,27,11,559,1209,3,17,0,22,1,14,3827,0.00810033969166449,0.007055134570159394,0.0028743140841390124,0.14606741573033707,0.3159132479749151,0.0007839038411288215,0.004442121766396656,0.0,0.005748628168278025,0.0002613012803762738,0.0036582179252678338
2008-02-28,27,25,7,519,1366,0,19,0,22,0,9,3991,0.006765221748935104,0.006264094211976948,0.0017539463793535455,0.13004259584064146,0.34227010774242045,0.0,0.00476071160110248,0.0,0.005512402906539714,0.0,0.0022550739163117012
2008-02-29,29,26,8,397,1210,2,22,0,24,0,10,3602,0.008051082731815658,0.007218212104386452,0.002220988339811216,0.11021654636313159,0.3359244863964464,0.000555247084952804,0.006107717934480844,0.0,0.006662965019433648,0.0,0.00277623542476402
2008-03-01,1,0,0,34,150,0,0,0,0,0,0,302,0.0033112582781456954,0.0,0.0,0.11258278145695365,0.4966887417218543,0.0,0.0,0.0,0.0,0.0,0.0
2008-03-02,0,0,0,41,161,0,0,0,0,0,0,392,0.0,0.0,0.0,0.10459183673469388,0.4107142857142857,0.0,0.0,0.0,0.0,0.0,0.0
2008-03-03,37,21,12,551,1306,0,25,0,20,2,17,4034,0.00917203767972236,0.005205751115518097,0.002974714923153198,0.13658899355478432,0.32374814080317305,0.0,0.006197322756569162,0.0,0.00495785820525533,0.0004957858205255329,0.00421417947446703
2008-03-04,33,23,8,540,1369,0,30,0,21,0,10,3960,0.008333333333333333,0.005808080808080808,0.00202020202020202,0.13636363636363635,0.3457070707070707,0.0,0.007575757575757576,0.0,0.005303030303030303,0.0,0.0025252525252525255
2008-03-05,44,25,8,539,1217,0,37,1,22,1,10,3722,0.011821601289629231,0.0067168189145620635,0.0021493820526598604,0.1448146157979581,0.32697474476088123,0.0,0.009940891993551854,0.00026867275658248256,0.005910800644814616,0.00026867275658248256,0.0026867275658248252
2008-03-06,37,21,11,500,1247,1,33,1,17,1,13,3758,0.009845662586482172,0.0055880787653006915,0.002927088877062267,0.13304949441192124,0.33182543906333156,0.00026609898882384245,0.008781266631186802,0.00026609898882384245,0.004523682810005322,0.00026609898882384245,0.003459286854709952
2008-03-07,21,26,8,337,1076,0,19,0,24,0,10,3017,0.0069605568445475635,0.008617832283725556,0.002651640702684786,0.11170036460059662,0.35664567451110374,0.0,0.006297646668876367,0.0,0.007954922108054359,0.0,0.003314550878355983
2008-03-08,1,0,0,56,113,0,0,0,0,0,0,282,0.0035460992907801418,0.0,0.0,0.19858156028368795,0.40070921985815605,0.0,0.0,0.0,0.0,0.0,0.0
2008-03-09,0,0,0,33,129,0,0,0,0,0,0,303,0.0,0.0,0.0,0.10891089108910891,0.42574257425742573,0.0,0.0,0.0,0.0,0.0,0.0
2008-03-10,27,20,8,517,1163,2,21,0,17,0,10,3716,0.007265877287405812,0.005382131324004306,0.002152852529601722,0.1391280947255113,0.3129709364908504,0.0005382131324004305,0.005651237890204521,0.0,0.00457481162540366,0.0,0.002691065662002153
2008-03-11,36,21,11,550,1230,0,31,0,21,1,13,3930,0.00916030534351145,0.0053435114503816794,0.0027989821882951653,0.13994910941475827,0.31297709923664124,0.0,0.007888040712468193,0.0,0.0053435114503816794,0.0002544529262086514,0.0033078880407124683
2008-03-12,31,21,10,497,1210,0,24,0,20,0,12,3657,0.00847689362865737,0.005742411812961444,0.0027344818156959257,0.1359037462400875,0.330872299699207,0.0,0.006562756357670222,0.0,0.005468963631391851,0.0,0.003281378178835111
2008-03-13,28,21,11,443,1227,0,25,0,19,4,15,3480,0.008045977011494253,0.00603448275862069,0.003160919540229885,0.12729885057471266,0.35258620689655173,0.0,0.007183908045977011,0.0,0.005459770114942529,0.0011494252873563218,0.004310344827586207
2008-03-14,27,17,11,402,1070,0,19,0,17,0,13,3187,0.008471917163476624,0.005334170065892689,0.0034515218073423283,0.12613743332287417,0.33573893944148103,0.0,0.005961719485409476,0.0,0.005334170065892689,0.0,0.004079071226859115
2008-03-15,0,0,0,29,141,0,0,0,0,0,0,285,0.0,0.0,0.0,0.10175438596491228,0.49473684210526314,0.0,0.0,0.0,0.0,0.0,0.0
2008-03-16,0,1,0,34,138,0,0,0,1,0,0,317,0.0,0.0031545741324921135,0.0,0.10725552050473186,0.4353312302839117,0.0,0.0,0.0,0.0031545741324921135,0.0,0.0
2008-03-17,23,20,12,547,1280,0,19,0,18,0,15,3775,0.0060927152317880795,0.005298013245033113,0.0031788079470198675,0.14490066225165563,0.3390728476821192,0.0,0.005033112582781457,0.0,0.004768211920529801,0.0,0.003973509933774834
2008-03-18,26,23,15,600,1290,0,20,1,20,0,20,3947,0.006587281479604763,0.005827210539650367,0.003800354699771979,0.15201418799087915,0.32683050418039017,0.0,0.005067139599695972,0.0002533569799847986,0.005067139599695972,0.0,0.005067139599695972
2008-03-19,37,22,11,525,1182,3,26,0,21,0,13,3650,0.010136986301369864,0.006027397260273973,0.0030136986301369864,0.14383561643835616,0.3238356164383562,0.0008219178082191781,0.007123287671232876,0.0,0.005753424657534247,0.0,0.003561643835616438
2008-03-20,27,16,10,407,1056,2,22,0,15,0,12,3319,0.008134980415787888,0.004820729135281711,0.0030129557095510697,0.12262729737872853,0.3181681229285929,0.0006025911419102139,0.006628502561012353,0.0,0.004519433564326604,0.0,0.0036155468514612837
2008-03-21,0,1,0,107,301,0,0,0,1,0,0,743,0.0,0.0013458950201884253,0.0,0.1440107671601615,0.40511440107671604,0.0,0.0,0.0,0.0013458950201884253,0.0,0.0
2008-03-22,0,0,0,12,80,0,0,0,0,0,0,197,0.0,0.0,0.0,0.06091370558375635,0.40609137055837563,0.0,0.0,0.0,0.0,0.0,0.0
2008-03-23,0,0,0,17,86,0,0,0,0,0,0,205,0.0,0.0,0.0,0.08292682926829269,0.4195121951219512,0.0,0.0,0.0,0.0,0.0,0.0
2008-03-24,3,2,5,285,618,0,3,0,0,0,6,1706,0.0017584994138335288,0.0011723329425556857,0.0029308323563892145,0.16705744431418523,0.3622508792497069,0.0,0.0017584994138335288,0.0,0.0,0.0,0.0035169988276670576
2008-03-25,28,22,12,553,1030,0,20,0,20,0,14,3565,0.00785413744740533,0.0061711079943899015,0.0033660589060308557,0.15511921458625527,0.28892005610098176,0.0,0.005610098176718092,0.0,0.005610098176718092,0.0,0.003927068723702665
2008-03-26,22,32,9,503,1165,0,21,0,31,0,12,3551,0.006195437904815545,0.009011546043368065,0.0025344973246972683,0.14165023936919177,0.32807659814136864,0.0,0.005913827090960293,0.0,0.008729935229512813,0.0,0.0033793297662630243
2008-03-27,27,20,11,474,1208,2,24,0,18,0,17,3717,0.007263922518159807,0.0053806833467850415,0.002959375840731773,0.1275221953188055,0.3249932741458165,0.0005380683346785041,0.00645682001614205,0.0,0.004842615012106538,0.0,0.0045735808447672855
2008-03-28,32,18,10,320,975,0,29,0,16,0,13,2986,0.010716677829872739,0.006028131279303416,0.003348961821835231,0.1071667782987274,0.32652377762893503,0.0,0.00971198928332217,0.0,0.0053583389149363695,0.0,0.004353650368385801
2008-03-29,0,0,1,20,142,0,0,0,0,0,1,267,0.0,0.0,0.003745318352059925,0.0749063670411985,0.5318352059925093,0.0,0.0,0.0,0.0,0.0,0.003745318352059925
2008-03-30,0,0,1,39,129,0,0,0,0,0,1,307,0.0,0.0,0.003257328990228013,0.1270358306188925,0.4201954397394137,0.0,0.0,0.0,0.0,0.0,0.003257328990228013
2008-03-31,25,19,11,568,1295,1,25,0,19,0,16,4364,0.0057286892758936754,0.004353803849679193,0.0025206232813932174,0.1301558203483043,0.2967461044912924,0.00022914757103574703,0.0057286892758936754,0.0,0.004353803849679193,0.0,0.0036663611365719525
2008-04-01,28,22,7,718,1382,0,24,0,21,0,11,4467,0.006268188941123797,0.004925005596597269,0.0015670472352809493,0.1607342735616745,0.30937989702261026,0.0,0.005372733378106112,0.0,0.0047011417058428475,0.0,0.0024625027982986343
2008-04-02,24,35,6,521,1145,0,21,0,34,0,8,3847,0.006238627501949571,0.009097998440343124,0.0015596568754873928,0.13543020535482195,0.2976345204055108,0.0,0.005458799064205874,0.0,0.008838055627761892,0.0,0.002079542500649857
2008-04-03,22,19,6,504,1165,0,20,0,17,0,8,3682,0.005975013579576317,0.005160239000543183,0.0016295491580662683,0.13688212927756654,0.31640412819120045,0.0,0.005431830526887561,0.0,0.004617055947854427,0.0,0.0021727322107550242
2008-04-04,41,29,6,384,1122,2,39,0,26,0,8,3116,0.013157894736842105,0.009306803594351733,0.0019255455712451862,0.12323491655969192,0.3600770218228498,0.0006418485237483953,0.01251604621309371,0.0,0.00834403080872914,0.0,0.0025673940949935813
2008-04-05,0,0,0,25,126,0,0,0,0,0,0,246,0.0,0.0,0.0,0.1016260162601626,0.5121951219512195,0.0,0.0,0.0,0.0,0.0,0.0
2008-04-06,0,0,0,30,131,0,0,0,0,0,0,276,0.0,0.0,0.0,0.10869565217391304,0.4746376811594203,0.0,0.0,0.0,0.0,0.0,0.0
2008-04-07,33,25,7,560,1188,0,31,0,23,0,9,3650,0.00904109589041096,0.00684931506849315,0.0019178082191780822,0.15342465753424658,0.3254794520547945,0.0,0.008493150684931507,0.0,0.006301369863013699,0.0,0.002465753424657534
2008-04-08,65,29,7,605,1295,3,42,0,30,0,9,4039,0.016093092349591484,0.007179995048279277,0.0017331022530329288,0.14978955186927456,0.32062391681109187,0.0007427581084426838,0.010398613518197574,0.0,0.007427581084426839,0.0,0.0022282743253280515
2008-04-09,40,19,5,554,1200,0,35,0,19,0,7,3617,0.01105888858169754,0.005252972076306331,0.0013823610727121925,0.15316560685651093,0.3317666574509262,0.0,0.009676527508985348,0.0,0.005252972076306331,0.0,0.0019353055017970694
2008-04-10,30,18,7,503,1158,0,27,0,15,0,9,3600,0.008333333333333333,0.005,0.0019444444444444444,0.13972222222222222,0.32166666666666666,0.0,0.0075,0.0,0.004166666666666667,0.0,0.0025
2008-04-11,32,18,7,345,994,1,29,0,19,0,9,2882,0.011103400416377515,0.006245662734212352,0.0024288688410825814,0.11970853573907009,0.34489937543372656,0.00034698126301179735,0.010062456627342124,0.0,0.00659264399722415,0.0,0.003122831367106176
2008-04-12,0,0,0,40,136,0,0,0,0,0,0,289,0.0,0.0,0.0,0.1384083044982699,0.47058823529411764,0.0,0.0,0.0,0.0,0.0,0.0
2008-04-13,0,0,0,23,125,0,0,0,0,0,0,337,0.0,0.0,0.0,0.06824925816023739,0.37091988130563797,0.0,0.0,0.0,0.0,0.0,0.0
2008-04-14,29,16,5,523,1153,0,25,0,17,0,7,3599,0.008057793831619895,0.004445679355376493,0.0013892747985551543,0.14531814392886913,0.32036676854681856,0.0,0.006946373992775771,0.0,0.004723534315087524,0.0,0.001944984717977216
2008-04-15,27,15,10,624,1200,1,24,0,15,0,17,3956,0.006825075834175936,0.0037917087967644083,0.0025278058645096056,0.1577350859453994,0.3033367037411527,0.0002527805864509606,0.006066734074823054,0.0,0.0037917087967644083,0.0,0.004297269969666329
2008-04-16,29,17,9,571,1181,1,26,0,16,0,13,3766,0.007700477960701009,0.004514073287307488,0.002389803505045141,0.15161975570897504,0.31359532660647904,0.0002655337227827934,0.006903876792352629,0.0,0.004248539564524694,0.0,0.0034519383961763143
2008-04-17,27,20,7,539,1221,0,23,0,19,0,9,3660,0.007377049180327869,0.00546448087431694,0.001912568306010929,0.14726775956284152,0.3336065573770492,0.0,0.006284153005464481,0.0,0.005191256830601093,0.0,0.002459016393442623
2008-04-18,27,20,8,389,921,0,23,0,18,0,10,2926,0.009227614490772385,0.00683526999316473,0.002734107997265892,0.132946001367054,0.3147641831852358,0.0,0.00786056049213944,0.0,0.006151742993848257,0.0,0.003417634996582365
2008-04-19,0,0,0,18,103,0,0,0,0,0,0,260,0.0,0.0,0.0,0.06923076923076923,0.39615384615384613,0.0,0.0,0.0,0.0,0.0,0.0
2008-04-20,0,0,0,46,153,0,0,0,0,0,0,364,0.0,0.0,0.0,0.12637362637362637,0.42032967032967034,0.0,0.0,0.0,0.0,0.0,0.0
2008-04-21,22,19,6,564,1191,0,19,0,16,0,8,3766,0.005841741901221455,0.005045140732873075,0.0015932023366967605,0.14976101964949548,0.31625066383430694,0.0,0.005045140732873075,0.0,0.004248539564524694,0.0,0.002124269782262347
2008-04-22,31,23,7,642,1333,0,23,0,22,0,9,4156,0.007459095283926853,0.005534167468719923,0.0016843118383060634,0.1544754571703561,0.3207410972088547,0.0,0.005534167468719923,0.0,0.0052935514918190565,0.0,0.002165543792107796
2008-04-23,32,19,9,602,1250,1,27,0,17,0,11,3985,0.008030112923462986,0.004767879548306148,0.002258469259723965,0.15106649937264743,0.3136762860727729,0.0002509410288582183,0.006775407779171894,0.0,0.004265997490589712,0.0,0.0027603513174404015
2008-04-24,35,13,8,622,1277,1,25,0,11,0,10,4280,0.008177570093457943,0.0030373831775700934,0.001869158878504673,0.1453271028037383,0.29836448598130844,0.00023364485981308412,0.005841121495327103,0.0,0.0025700934579439253,0.0,0.002336448598130841
2008-04-25,24,20,7,370,972,0,19,0,20,0,9,3039,0.007897334649555774,0.006581112207963146,0.002303389272787101,0.1217505758473182,0.3198420533070089,0.0,0.006252056597564989,0.0,0.006581112207963146,0.0,0.0029615004935834156
2008-04-26,0,0,0,36,146,0,0,0,0,0,0,260,0.0,0.0,0.0,0.13846153846153847,0.5615384615384615,0.0,0.0,0.0,0.0,0.0,0.0
2008-04-27,0,0,0,27,125,0,0,0,0,0,0,291,0.0,0.0,0.0,0.09278350515463918,0.42955326460481097,0.0,0.0,0.0,0.0,0.0,0.0
2008-04-28,25,15,7,620,1100,3,15,1,12,0,10,3800,0.006578947368421052,0.003947368421052632,0.0018421052631578947,0.1631578947368421,0.2894736842105263,0.0007894736842105263,0.003947368421052632,0.0002631578947368421,0.003157894736842105,0.0,0.002631578947368421
2008-04-29,17,18,9,619,1291,2,12,0,16,0,11,4339,0.003917953445494353,0.004148421295229315,0.0020742106476146576,0.14265959898594147,0.2975339940078359,0.0004609356994699239,0.0027656141968195437,0.0,0.0036874855957593914,0.0,0.002535146347084582
2008-04-30,20,16,10,616,1255,0,17,0,15,0,14,4485,0.004459308807134894,0.0035674470457079154,0.002229654403567447,0.13734671125975473,0.2798216276477146,0.0,0.00379041248606466,0.0,0.0033444816053511705,0.0,0.003121516164994426
2008-05-01,24,21,9,467,1138,0,19,0,14,0,13,3765,0.006374501992031873,0.005577689243027889,0.002390438247011952,0.12403718459495353,0.30225763612217793,0.0,0.005046480743691899,0.0,0.0037184594953519256,0.0,0.003452855245683931
2008-05-02,25,16,12,308,950,0,16,0,15,0,14,2879,0.00868357068426537,0.0055574852379298365,0.004168113928447377,0.10698159083014935,0.32997568600208405,0.0,0.0055574852379298365,0.0,0.005210142410559222,0.0,0.004862799583188607
2008-05-03,0,0,0,38,162,0,0,0,0,0,0,300,0.0,0.0,0.0,0.12666666666666668,0.54,0.0,0.0,0.0,0.0,0.0,0.0
2008-05-04,0,0,0,43,132,0,0,0,0,0,0,311,0.0,0.0,0.0,0.1382636655948553,0.42443729903536975,0.0,0.0,0.0,0.0,0.0,0.0
2008-05-05,1,3,2,475,769,0,1,0,0,0,3,2589,0.0003862495171881035,0.0011587485515643105,0.000772499034376207,0.18346852066434918,0.2970258787176516,0.0,0.0003862495171881035,0.0,0.0,0.0,0.0011587485515643105
2008-05-06,20,26,13,695,1336,0,16,0,26,0,17,4380,0.0045662100456621,0.005936073059360731,0.0029680365296803654,0.158675799086758,0.3050228310502283,0.0,0.0036529680365296802,0.0,0.005936073059360731,0.0,0.0038812785388127853
2008-05-07,34,20,7,626,1250,0,28,0,15,0,9,4042,0.008411677387431964,0.004948045522018802,0.0017318159327065809,0.15487382483918852,0.3092528451261752,0.0,0.006927263730826323,0.0,0.003711034141514102,0.0,0.002226620484908461
2008-05-08,16,19,11,544,1323,0,15,0,16,1,14,4129,0.003875030273674013,0.004601598449987891,0.002664083313150884,0.13175102930491644,0.32041656575441996,0.0,0.0036328408815693874,0.0,0.003875030273674013,0.0002421893921046258,0.0033906514894647614
2008-05-09,26,27,8,363,1034,0,22,0,20,0,10,3036,0.008563899868247694,0.008893280632411068,0.002635046113306983,0.11956521739130435,0.34057971014492755,0.0,0.007246376811594203,0.0,0.006587615283267457,0.0,0.0032938076416337285
2008-05-10,0,0,0,38,133,0,0,0,0,0,0,284,0.0,0.0,0.0,0.13380281690140844,0.46830985915492956,0.0,0.0,0.0,0.0,0.0,0.0
2008-05-11,0,0,0,39,143,0,0,0,0,0,0,308,0.0,0.0,0.0,0.1266233766233766,0.4642857142857143,0.0,0.0,0.0,0.0,0.0,0.0
2008-05-12,4,1,0,497,873,1,4,0,0,0,0,2728,0.001466275659824047,0.00036656891495601173,0.0,0.18218475073313783,0.32001466275659823,0.00036656891495601173,0.001466275659824047,0.0,0.0,0.0,0.0
2008-05-13,1,4,0,669,914,0,0,0,2,0,0,3140,0.0003184713375796178,0.0012738853503184713,0.0,0.21305732484076434,0.2910828025477707,0.0,0.0,0.0,0.0006369426751592356,0.0,0.0
2008-05-14,2,3,0,592,1002,0,2,0,0,0,0,3131,0.0006387735547748323,0.0009581603321622484,0.0,0.18907697221335037,0.320025550942191,0.0,0.0006387735547748323,0.0,0.0,0.0,0.0
2008-05-15,1,5,1,597,934,0,1,0,0,1,2,3144,0.0003180661577608143,0.0015903307888040711,0.0003180661577608143,0.1898854961832061,0.2970737913486005,0.0,0.0003180661577608143,0.0,0.0,0.0003180661577608143,0.0006361323155216285
2008-05-16,4,6,0,379,723,0,4,0,0,0,0,2147,0.0018630647414997672,0.0027945971122496508,0.0,0.17652538425710293,0.3367489520260829,0.0,0.0018630647414997672,0.0,0.0,0.0,0.0
2008-05-17,0,0,0,31,102,0,0,0,0,0,0,255,0.0,0.0,0.0,0.12156862745098039,0.4,0.0,0.0,0.0,0.0,0.0,0.0
2008-05-18,0,0,0,49,142,0,0,0,0,0,0,357,0.0,0.0,0.0,0.13725490196078433,0.39775910364145656,0.0,0.0,0.0,0.0,0.0,0.0
2008-05-19,2,5,1,622,852,0,1,0,0,0,3,2711,0.0007377351530800443,0.0018443378827001106,0.00036886757654002215,0.22943563260789376,0.31427517521209886,0.0,0.00036886757654002215,0.0,0.0,0.0,0.0011066027296200663
2008-05-20,10,5,1,678,976,0,5,1,2,0,1,3067,0.0032605151613955006,0.0016302575806977503,0.00032605151613955004,0.22106292794261492,0.31822627975220086,0.0,0.0016302575806977503,0.00032605151613955004,0.0006521030322791001,0.0,0.00032605151613955004
2008-05-21,6,5,2,460,971,0,0,0,0,0,6,2805,0.0021390374331550803,0.0017825311942959,0.00071301247771836,0.16399286987522282,0.34616755793226384,0.0,0.0,0.0,0.0,0.0,0.0021390374331550803
2008-05-22,2,0,3,423,920,0,1,0,0,1,5,2541,0.0007870916961826052,0.0,0.0011806375442739079,0.16646989374262103,0.36206218024399844,0.0,0.0003935458480913026,0.0,0.0,0.0003935458480913026,0.0019677292404565133
2008-05-23,8,2,0,249,648,0,3,0,1,0,0,1701,0.004703115814226925,0.0011757789535567313,0.0,0.14638447971781304,0.38095238095238093,0.0,0.001763668430335097,0.0,0.0005878894767783657,0.0,0.0
2008-05-24,0,0,0,15,126,0,0,0,0,0,0,233,0.0,0.0,0.0,0.06437768240343347,0.5407725321888412,0.0,0.0,0.0,0.0,0.0,0.0
2008-05-25,0,0,0,30,87,0,0,0,0,0,0,274,0.0,0.0,0.0,0.10948905109489052,0.3175182481751825,0.0,0.0,0.0,0.0,0.0,0.0
2008-05-26,1,0,0,77,303,0,0,0,0,0,0,784,0.0012755102040816326,0.0,0.0,0.09821428571428571,0.3864795918367347,0.0,0.0,0.0,0.0,0.0,0.0
2008-05-27,2,3,4,482,844,0,1,0,0,2,13,2545,0.0007858546168958742,0.0011787819253438114,0.0015717092337917485,0.1893909626719057,0.33163064833005895,0.0,0.0003929273084479371,0.0,0.0,0.0007858546168958742,0.005108055009823182
2008-05-28,1,2,0,597,850,1,0,0,0,0,0,2681,0.0003729951510630362,0.0007459903021260724,0.0,0.2226781051846326,0.3170458784035807,0.0003729951510630362,0.0,0.0,0.0,0.0,0.0
2008-05-29,3,3,1,514,905,1,1,0,3,0,2,2729,0.0010993037742762918,0.0010993037742762918,0.00036643459142543056,0.18834737999267132,0.33162330524001465,0.00036643459142543056,0.00036643459142543056,0.0,0.0010993037742762918,0.0,0.0007328691828508611
2008-05-30,3,1,1,305,684,1,0,0,0,0,1,1956,0.0015337423312883436,0.0005112474437627812,0.0005112474437627812,0.15593047034764826,0.3496932515337423,0.0005112474437627812,0.0,0.0,0.0,0.0,0.0005112474437627812
2008-05-31,0,0,0,31,134,0,0,0,0,0,0,282,0.0,0.0,0.0,0.1099290780141844,0.475177304964539,0.0,0.0,0.0,0.0,0.0,0.0
2008-06-01,0,0,0,46,158,0,0,0,0,0,0,328,0.0,0.0,0.0,0.1402439024390244,0.4817073170731707,0.0,0.0,0.0,0.0,0.0,0.0
2008-06-02,4,5,7,544,906,0,2,2,1,0,15,2780,0.0014388489208633094,0.0017985611510791368,0.002517985611510791,0.19568345323741007,0.3258992805755396,0.0,0.0007194244604316547,0.0007194244604316547,0.00035971223021582735,0.0,0.00539568345323741
2008-06-03,2,8,0,563,887,0,0,0,0,0,0,2872,0.0006963788300835655,0.002785515320334262,0.0,0.1960306406685237,0.3088440111420613,0.0,0.0,0.0,0.0,0.0,0.0
2008-06-04,1,9,3,472,822,0,1,0,3,2,3,2651,0.0003772161448509996,0.0033949453036589967,0.001131648434552999,0.17804602036967182,0.3100716710675217,0.0,0.0003772161448509996,0.0,0.001131648434552999,0.0007544322897019992,0.001131648434552999
2008-06-05,8,8,0,509,926,0,0,0,1,0,0,2474,0.0032336297493936943,0.0032336297493936943,0.0,0.20573969280517382,0.3742926434923201,0.0,0.0,0.0,0.0004042037186742118,0.0,0.0
2008-06-06,4,10,0,322,680,0,0,0,4,0,0,2030,0.0019704433497536944,0.0049261083743842365,0.0,0.15862068965517243,0.33497536945812806,0.0,0.0,0.0,0.0019704433497536944,0.0,0.0
2008-06-07,0,0,0,37,113,0,0,0,0,0,0,268,0.0,0.0,0.0,0.13805970149253732,0.4216417910447761,0.0,0.0,0.0,0.0,0.0,0.0
2008-06-08,0,1,0,26,153,0,0,0,3,0,0,308,0.0,0.003246753246753247,0.0,0.08441558441558442,0.4967532467532468,0.0,0.0,0.0,0.00974025974025974,0.0,0.0
2008-06-09,0,9,2,541,818,0,0,0,3,0,4,2576,0.0,0.0034937888198757765,0.0007763975155279503,0.21001552795031056,0.31754658385093165,0.0,0.0,0.0,0.0011645962732919255,0.0,0.0015527950310559005
2008-06-10,9,4,3,629,990,1,0,0,1,0,3,2927,0.0030748206354629312,0.0013665869490946361,0.0010249402118209772,0.21489579774513154,0.3382302699009224,0.00034164673727365904,0.0,0.0,0.00034164673727365904,0.0,0.0010249402118209772
2008-06-11,4,1,4,518,922,0,0,0,1,0,6,2683,0.0014908684308609765,0.0003727171077152441,0.0014908684308609765,0.19306746179649645,0.34364517331345507,0.0,0.0,0.0,0.0003727171077152441,0.0,0.0022363026462914647
2008-06-12,1,1,0,521,928,1,0,0,0,0,0,2553,0.0003916960438699569,0.0003916960438699569,0.0,0.20407363885624755,0.36349392871132,0.0003916960438699569,0.0,0.0,0.0,0.0,0.0
2008-06-13,4,0,2,385,675,0,1,0,0,1,4,2002,0.001998001998001998,0.0,0.000999000999000999,0.19230769230769232,0.3371628371628372,0.0,0.0004995004995004995,0.0,0.0,0.0004995004995004995,0.001998001998001998
2008-06-14,0,0,0,26,157,0,0,0,0,0,0,299,0.0,0.0,0.0,0.08695652173913043,0.5250836120401338,0.0,0.0,0.0,0.0,0.0,0.0
2008-06-15,0,0,0,37,127,0,0,0,0,0,0,297,0.0,0.0,0.0,0.12457912457912458,0.4276094276094276,0.0,0.0,0.0,0.0,0.0,0.0
2008-06-16,1,1,1,640,853,0,0,1,0,0,2,2684,0.00037257824143070045,0.00037257824143070045,0.00037257824143070045,0.23845007451564829,0.31780923994038746,0.0,0.0,0.00037257824143070045,0.0,0.0,0.0007451564828614009
2008-06-17,5,4,3,716,886,1,1,0,0,0,3,2941,0.0017001020061203672,0.0013600816048962938,0.0010200612036722204,0.24345460727643659,0.3012580754845291,0.00034002040122407346,0.00034002040122407346,0.0,0.0,0.0,0.0010200612036722204
2008-06-18,22,1,1,570,888,5,7,0,0,0,1,2721,0.00808526277104006,0.0003675119441381845,0.0003675119441381845,0.20948180815876516,0.3263506063947078,0.0018375597206909224,0.0025725836089672913,0.0,0.0,0.0,0.0003675119441381845
2008-06-19,6,0,1,469,931,1,2,0,0,0,2,2498,0.0024019215372297837,0.0,0.00040032025620496394,0.1877502001601281,0.3726981585268215,0.00040032025620496394,0.0008006405124099279,0.0,0.0,0.0,0.0008006405124099279
2008-06-20,10,0,1,315,684,0,1,0,0,0,1,1799,0.005558643690939411,0.0,0.0005558643690939411,0.17509727626459143,0.3802112284602557,0.0,0.0005558643690939411,0.0,0.0,0.0,0.0005558643690939411
2008-06-21,0,0,0,31,124,0,0,0,0,0,0,265,0.0,0.0,0.0,0.1169811320754717,0.4679245283018868,0.0,0.0,0.0,0.0,0.0,0.0
2008-06-22,0,0,0,32,185,0,0,0,0,0,0,348,0.0,0.0,0.0,0.09195402298850575,0.5316091954022989,0.0,0.0,0.0,0.0,0.0,0.0
2008-06-23,8,2,1,472,823,1,1,0,2,0,1,2383,0.003357112882920688,0.000839278220730172,0.000419639110365086,0.1980696600923206,0.3453629878304658,0.000419639110365086,0.000419639110365086,0.0,0.000839278220730172,0.0,0.000419639110365086
2008-06-24,7,2,5,543,949,0,0,0,1,0,11,2746,0.0025491624180626364,0.0007283321194464676,0.001820830298616169,0.19774217042971595,0.34559359067734885,0.0,0.0,0.0,0.0003641660597232338,0.0,0.004005826656955572
2008-06-25,11,0,0,520,920,0,0,0,0,0,0,2677,0.004109077325364214,0.0,0.0,0.1942472917444901,0.3436682853940979,0.0,0.0,0.0,0.0,0.0,0.0
2008-06-26,7,4,2,413,800,1,3,1,3,0,2,2502,0.002797761790567546,0.0015987210231814548,0.0007993605115907274,0.1650679456434852,0.31974420463629094,0.0003996802557953637,0.001199040767386091,0.0003996802557953637,0.001199040767386091,0.0,0.0007993605115907274
2008-06-27,10,1,1,291,688,0,4,0,1,1,2,1939,0.005157297576070139,0.0005157297576070139,0.0005157297576070139,0.15007735946364106,0.3548220732336256,0.0,0.0020629190304280558,0.0,0.0005157297576070139,0.0005157297576070139,0.0010314595152140279
2008-06-28,0,0,0,24,89,0,0,0,0,0,0,262,0.0,0.0,0.0,0.0916030534351145,0.33969465648854963,0.0,0.0,0.0,0.0,0.0,0.0
2008-06-29,0,3,0,40,124,0,0,0,0,0,0,319,0.0,0.009404388714733543,0.0,0.12539184952978055,0.3887147335423197,0.0,0.0,0.0,0.0,0.0,0.0
2008-06-30,10,1,1,536,854,0,1,0,1,0,2,2649,0.003775009437523594,0.00037750094375235937,0.00037750094375235937,0.20234050585126462,0.32238580596451494,0.0,0.00037750094375235937,0.0,0.00037750094375235937,0.0,0.0007550018875047187
2008-07-01,5,1,3,544,811,0,0,0,0,0,6,2575,0.001941747572815534,0.0003883495145631068,0.0011650485436893205,0.2112621359223301,0.3149514563106796,0.0,0.0,0.0,0.0,0.0,0.002330097087378641
2008-07-02,3,1,1,395,735,0,1,0,0,0,3,2219,0.0013519603424966202,0.0004506534474988734,0.0004506534474988734,0.17800811176205497,0.3312302839116719,0.0,0.0004506534474988734,0.0,0.0,0.0,0.0013519603424966202
2008-07-03,6,1,0,303,629,0,0,0,2,0,0,1843,0.0032555615843733042,0.0005425935973955507,0.0,0.16440586001085186,0.34129137276180144,0.0,0.0,0.0,0.0010851871947911015,0.0,0.0
2008-07-04,2,0,0,107,331,0,2,0,0,0,0,835,0.0023952095808383233,0.0,0.0,0.1281437125748503,0.3964071856287425,0.0,0.0023952095808383233,0.0,0.0,0.0,0.0
2008-07-05,0,0,0,17,103,0,0,0,0,0,0,203,0.0,0.0,0.0,0.08374384236453201,0.5073891625615764,0.0,0.0,0.0,0.0,0.0,0.0
2008-07-06,0,0,0,21,110,0,0,0,0,0,0,248,0.0,0.0,0.0,0.0846774193548387,0.4435483870967742,0.0,0.0,0.0,0.0,0.0,0.0
2008-07-07,3,2,1,326,667,0,0,0,0,0,2,2107,0.0014238253440911248,0.0009492168960607499,0.00047460844803037496,0.15472235405790222,0.3165638348362601,0.0,0.0,0.0,0.0,0.0,0.0009492168960607499
2008-07-08,18,1,1,514,837,3,0,1,0,0,1,2666,0.006751687921980495,0.00037509377344336085,0.00037509377344336085,0.19279819954988747,0.313953488372093,0.0011252813203300824,0.0,0.00037509377344336085,0.0,0.0,0.00037509377344336085
2008-07-09,7,3,0,558,826,0,6,1,2,0,0,2533,0.0027635215159889457,0.0011843663639952626,0.0,0.22029214370311884,0.3260955388866956,0.0,0.002368732727990525,0.00039478878799842083,0.0007895775759968417,0.0,0.0
2008-07-10,3,0,0,449,831,1,1,0,0,0,0,2408,0.0012458471760797341,0.0,0.0,0.18646179401993354,0.3450996677740864,0.0004152823920265781,0.0004152823920265781,0.0,0.0,0.0,0.0
2008-07-11,2,1,2,295,657,0,2,1,1,0,2,1764,0.0011337868480725624,0.0005668934240362812,0.0011337868480725624,0.16723356009070295,0.37244897959183676,0.0,0.0011337868480725624,0.0005668934240362812,0.0005668934240362812,0.0,0.0011337868480725624
2008-07-12,0,0,0,42,117,0,0,0,0,0,0,279,0.0,0.0,0.0,0.15053763440860216,0.41935483870967744,0.0,0.0,0.0,0.0,0.0,0.0
2008-07-13,0,0,2,24,149,0,0,0,0,0,4,344,0.0,0.0,0.005813953488372093,0.06976744186046512,0.4331395348837209,0.0,0.0,0.0,0.0,0.0,0.011627906976744186
2008-07-14,2,1,0,511,892,1,1,0,0,0,0,2504,0.0007987220447284345,0.00039936102236421724,0.0,0.20407348242811502,0.3562300319488818,0.00039936102236421724,0.00039936102236421724,0.0,0.0,0.0,0.0
2008-07-15,0,0,1,510,971,0,0,0,0,0,1,2835,0.0,0.0,0.0003527336860670194,0.17989417989417988,0.34250440917107583,0.0,0.0,0.0,0.0,0.0,0.0003527336860670194
2008-07-16,1,1,0,436,834,0,1,0,0,0,0,2607,0.0003835826620636747,0.0003835826620636747,0.0,0.16724204065976217,0.31990794016110474,0.0,0.0003835826620636747,0.0,0.0,0.0,0.0
2008-07-17,4,0,4,537,821,3,0,0,0,0,7,2510,0.0015936254980079682,0.0,0.0015936254980079682,0.21394422310756972,0.32709163346613546,0.001195219123505976,0.0,0.0,0.0,0.0,0.0027888446215139444
2008-07-18,1,2,3,293,678,0,0,0,0,0,6,1759,0.0005685048322910744,0.0011370096645821489,0.0017055144968732233,0.1665719158612848,0.3854462762933485,0.0,0.0,0.0,0.0,0.0,0.0034110289937464467
2008-07-19,0,0,0,20,110,0,0,0,0,0,0,226,0.0,0.0,0.0,0.08849557522123894,0.48672566371681414,0.0,0.0,0.0,0.0,0.0,0.0
2008-07-20,0,0,0,23,121,0,0,0,0,0,0,279,0.0,0.0,0.0,0.08243727598566308,0.4336917562724014,0.0,0.0,0.0,0.0,0.0,0.0
2008-07-21,5,4,0,478,760,1,2,1,1,0,0,2431,0.0020567667626491155,0.0016454134101192926,0.0,0.19662690250925546,0.3126285479226656,0.00041135335252982314,0.0008227067050596463,0.00041135335252982314,0.00041135335252982314,0.0,0.0
2008-07-22,4,0,3,506,868,1,0,0,0,0,5,2764,0.001447178002894356,0.0,0.001085383502170767,0.18306801736613604,0.3140376266280753,0.000361794500723589,0.0,0.0,0.0,0.0,0.001808972503617945
2008-07-23,0,1,1,484,909,0,0,0,0,0,2,2669,0.0,0.0003746721618583739,0.0003746721618583739,0.181341326339453,0.3405769951292619,0.0,0.0,0.0,0.0,0.0,0.0007493443237167478
2008-07-24,5,0,0,473,948,0,2,0,0,0,0,2828,0.001768033946251768,0.0,0.0,0.16725601131541726,0.3352192362093352,0.0,0.0007072135785007072,0.0,0.0,0.0,0.0
2008-07-25,2,0,2,295,708,0,0,0,0,4,8,1821,0.001098297638660077,0.0,0.001098297638660077,0.16199890170236134,0.38879736408566723,0.0,0.0,0.0,0.0,0.002196595277320154,0.004393190554640308
2008-07-26,0,0,0,24,107,0,0,0,0,0,0,225,0.0,0.0,0.0,0.10666666666666667,0.47555555555555556,0.0,0.0,0.0,0.0,0.0,0.0
2008-07-27,0,0,0,34,110,0,0,0,0,0,0,250,0.0,0.0,0.0,0.136,0.44,0.0,0.0,0.0,0.0,0.0,0.0
2008-07-28,5,0,0,454,784,1,1,0,0,0,0,2400,0.0020833333333333333,0.0,0.0,0.18916666666666668,0.32666666666666666,0.0004166666666666667,0.0004166666666666667,0.0,0.0,0.0,0.0
2008-07-29,7,0,0,530,921,0,0,0,0,0,0,2917,0.0023997257456290708,0.0,0.0,0.1816935207404868,0.3157353445320535,0.0,0.0,0.0,0.0,0.0,0.0
2008-07-30,15,1,0,460,1001,1,0,0,1,0,0,2872,0.005222841225626741,0.00034818941504178273,0.0,0.16016713091922005,0.3485376044568245,0.00034818941504178273,0.0,0.0,0.00034818941504178273,0.0,0.0
2008-07-31,7,1,2,490,984,1,3,0,0,0,3,3042,0.0023011176857330702,0.0003287310979618672,0.0006574621959237344,0.16107823800131493,0.3234714003944773,0.0003287310979618672,0.0009861932938856016,0.0,0.0,0.0,0.0009861932938856016
2008-08-01,4,0,1,324,762,0,1,0,0,0,2,2035,0.0019656019656019656,0.0,0.0004914004914004914,0.15921375921375922,0.37444717444717446,0.0,0.0004914004914004914,0.0,0.0,0.0,0.0009828009828009828
2008-08-02,0,0,0,18,101,0,0,0,0,0,0,227,0.0,0.0,0.0,0.07929515418502203,0.44493392070484583,0.0,0.0,0.0,0.0,0.0,0.0
2008-08-03,0,0,0,30,127,0,0,0,0,0,0,284,0.0,0.0,0.0,0.1056338028169014,0.4471830985915493,0.0,0.0,0.0,0.0,0.0,0.0
2008-08-04,1,1,0,423,682,0,0,0,0,0,0,2220,0.00045045045045045046,0.00045045045045045046,0.0,0.19054054054054054,0.30720720720720723,0.0,0.0,0.0,0.0,0.0,0.0
2008-08-05,5,0,0,496,799,0,0,0,0,0,0,2922,0.0017111567419575632,0.0,0.0,0.1697467488021903,0.2734428473648186,0.0,0.0,0.0,0.0,0.0,0.0
2008-08-06,3,0,1,414,915,0,1,0,0,0,2,2725,0.0011009174311926607,0.0,0.0003669724770642202,0.15192660550458714,0.3357798165137615,0.0,0.0003669724770642202,0.0,0.0,0.0,0.0007339449541284404
2008-08-07,2,1,1,473,907,0,1,0,0,0,1,2871,0.0006966213862765587,0.00034831069313827936,0.00034831069313827936,0.16475095785440613,0.3159177986764194,0.0,0.00034831069313827936,0.0,0.0,0.0,0.00034831069313827936
2008-08-08,2,0,1,283,813,1,0,0,0,1,2,2005,0.000997506234413965,0.0,0.0004987531172069825,0.14114713216957606,0.4054862842892768,0.0004987531172069825,0.0,0.0,0.0,0.0004987531172069825,0.000997506234413965
2008-08-09,0,0,0,68,179,0,0,0,0,0,0,443,0.0,0.0,0.0,0.15349887133182843,0.4040632054176072,0.0,0.0,0.0,0.0,0.0,0.0
2008-08-10,0,0,0,71,190,0,0,0,0,0,0,568,0.0,0.0,0.0,0.125,0.3345070422535211,0.0,0.0,0.0,0.0,0.0,0.0
2008-08-11,8,0,0,491,824,1,2,0,0,0,0,2697,0.0029662588060808304,0.0,0.0,0.18205413422321098,0.30552465702632553,0.0003707823507601038,0.0007415647015202076,0.0,0.0,0.0,0.0
2008-08-12,3,1,1,592,967,0,0,0,1,1,1,2924,0.0010259917920656635,0.0003419972640218878,0.0003419972640218878,0.2024623803009576,0.33071135430916554,0.0,0.0,0.0,0.0003419972640218878,0.0003419972640218878,0.0003419972640218878
2008-08-13,2,1,0,469,798,0,0,0,1,0,0,2648,0.0007552870090634441,0.00037764350453172205,0.0,0.17711480362537765,0.3013595166163142,0.0,0.0,0.0,0.00037764350453172205,0.0,0.0
2008-08-14,4,1,0,411,823,0,1,0,1,0,0,2699,0.0014820303816228233,0.0003705075954057058,0.0,0.15227862171174508,0.3049277510188959,0.0,0.0003705075954057058,0.0,0.0003705075954057058,0.0,0.0
2008-08-15,6,2,1,341,657,0,4,0,2,0,1,1818,0.0033003300330033004,0.0011001100110011,0.00055005500550055,0.18756875687568758,0.3613861386138614,0.0,0.0022002200220022,0.0,0.0011001100110011,0.0,0.00055005500550055
2008-08-16,0,0,0,93,160,0,0,0,0,0,0,456,0.0,0.0,0.0,0.20394736842105263,0.3508771929824561,0.0,0.0,0.0,0.0,0.0,0.0
2008-08-17,1,0,0,96,131,0,1,0,0,0,0,482,0.002074688796680498,0.0,0.0,0.1991701244813278,0.2717842323651452,0.0,0.002074688796680498,0.0,0.0,0.0,0.0
2008-08-18,4,1,0,442,717,0,1,0,1,0,0,2282,0.0017528483786152498,0.00043821209465381246,0.0,0.1936897458369851,0.3141980718667835,0.0,0.00043821209465381246,0.0,0.00043821209465381246,0.0,0.0
2008-08-19,9,1,1,511,781,1,0,0,0,1,2,2606,0.0034535686876438986,0.0003837298541826554,0.0003837298541826554,0.19608595548733693,0.2996930161166539,0.0003837298541826554,0.0,0.0,0.0,0.0003837298541826554,0.0007674597083653108
2008-08-20,11,1,0,454,680,1,1,0,1,0,0,2212,0.004972875226039783,0.0004520795660036166,0.0,0.20524412296564196,0.3074141048824593,0.0004520795660036166,0.0004520795660036166,0.0,0.0004520795660036166,0.0,0.0
2008-08-21,7,2,0,509,692,1,0,0,0,0,0,2463,0.0028420625253755584,0.0008120178643930166,0.0,0.20665854648802273,0.28095818107998377,0.0004060089321965083,0.0,0.0,0.0,0.0,0.0
2008-08-22,11,1,0,275,555,0,4,0,1,0,0,1741,0.006318207926479035,0.0005743825387708214,0.0,0.15795519816197587,0.31878230901780585,0.0,0.0022975301550832855,0.0,0.0005743825387708214,0.0,0.0
2008-08-23,0,0,0,73,139,0,0,0,0,0,0,400,0.0,0.0,0.0,0.1825,0.3475,0.0,0.0,0.0,0.0,0.0,0.0
2008-08-24,0,0,0,48,165,0,0,0,0,0,0,389,0.0,0.0,0.0,0.12339331619537275,0.4241645244215938,0.0,0.0,0.0,0.0,0.0,0.0
2008-08-25,3,1,0,390,636,0,0,0,0,0,0,1904,0.0015756302521008404,0.0005252100840336134,0.0,0.20483193277310924,0.33403361344537813,0.0,0.0,0.0,0.0,0.0,0.0
2008-08-26,9,5,0,535,845,0,0,0,3,0,0,2561,0.003514252245216712,0.001952362358453729,0.0,0.20890277235454902,0.3299492385786802,0.0,0.0,0.0,0.0011714174150722373,0.0,0.0
2008-08-27,6,4,0,436,785,2,4,0,0,0,0,2346,0.0025575447570332483,0.0017050298380221654,0.0,0.18584825234441602,0.33461210571184996,0.0008525149190110827,0.0017050298380221654,0.0,0.0,0.0,0.0
2008-08-28,4,5,0,370,800,0,2,0,0,0,0,2283,0.0017520805957074025,0.002190100744634253,0.0,0.16206745510293474,0.3504161191414805,0.0,0.0008760402978537013,0.0,0.0,0.0,0.0
2008-08-29,5,0,1,289,628,5,0,0,0,0,2,1765,0.0028328611898017,0.0,0.0005665722379603399,0.16373937677053824,0.35580736543909347,0.0028328611898017,0.0,0.0,0.0,0.0,0.0011331444759206798
2008-08-30,0,0,0,33,132,0,0,0,0,0,0,248,0.0,0.0,0.0,0.13306451612903225,0.532258064516129,0.0,0.0,0.0,0.0,0.0,0.0
2008-08-31,0,0,0,31,187,0,0,0,0,0,0,355,0.0,0.0,0.0,0.08732394366197183,0.5267605633802817,0.0,0.0,0.0,0.0,0.0,0.0
2008-09-01,10,1,0,144,411,0,0,0,0,0,0,1090,0.009174311926605505,0.0009174311926605505,0.0,0.13211009174311927,0.37706422018348623,0.0,0.0,0.0,0.0,0.0,0.0
2008-09-02,11,5,2,466,809,0,2,0,0,0,3,2595,0.004238921001926782,0.0019267822736030828,0.0007707129094412332,0.17957610789980732,0.3117533718689788,0.0,0.0007707129094412332,0.0,0.0,0.0,0.0011560693641618498
2008-09-03,9,6,0,534,893,0,2,0,4,0,0,2688,0.0033482142857142855,0.002232142857142857,0.0,0.19866071428571427,0.3322172619047619,0.0,0.000744047619047619,0.0,0.001488095238095238,0.0,0.0
2008-09-04,5,1,2,435,838,1,1,0,0,1,3,2555,0.0019569471624266144,0.0003913894324853229,0.0007827788649706458,0.17025440313111545,0.3279843444227006,0.0003913894324853229,0.0003913894324853229,0.0,0.0,0.0003913894324853229,0.0011741682974559687
2008-09-05,5,1,0,245,643,0,1,0,0,0,0,1765,0.0028328611898017,0.0005665722379603399,0.0,0.1388101983002833,0.3643059490084986,0.0,0.0005665722379603399,0.0,0.0,0.0,0.0
2008-09-06,0,0,0,28,141,0,0,0,0,0,0,274,0.0,0.0,0.0,0.10218978102189781,0.5145985401459854,0.0,0.0,0.0,0.0,0.0,0.0
2008-09-07,1,1,0,30,149,0,0,0,0,0,0,340,0.0029411764705882353,0.0029411764705882353,0.0,0.08823529411764706,0.43823529411764706,0.0,0.0,0.0,0.0,0.0,0.0
2008-09-08,8,2,1,549,866,0,0,0,0,1,1,2634,0.0030372057706909645,0.0007593014426727411,0.00037965072133637056,0.20842824601366744,0.3287775246772969,0.0,0.0,0.0,0.0,0.00037965072133637056,0.00037965072133637056
2008-09-09,3,2,0,543,924,0,1,0,0,0,0,2852,0.0010518934081346423,0.0007012622720897616,0.0,0.19039270687237025,0.32398316970546986,0.0,0.0003506311360448808,0.0,0.0,0.0,0.0
2008-09-10,2,3,2,540,959,0,0,0,1,0,2,2765,0.0007233273056057866,0.00108499095840868,0.0007233273056057866,0.19529837251356238,0.3468354430379747,0.0,0.0,0.0,0.0003616636528028933,0.0,0.0007233273056057866
2008-09-11,1,8,0,500,772,1,0,1,0,0,0,2344,0.0004266211604095563,0.0034129692832764505,0.0,0.21331058020477817,0.3293515358361775,0.0004266211604095563,0.0,0.0004266211604095563,0.0,0.0,0.0
2008-09-12,1,1,2,356,746,0,0,0,0,1,3,1900,0.0005263157894736842,0.0005263157894736842,0.0010526315789473684,0.18736842105263157,0.39263157894736844,0.0,0.0,0.0,0.0,0.0005263157894736842,0.0015789473684210526
2008-09-13,0,0,0,33,213,0,0,0,0,0,0,327,0.0,0.0,0.0,0.10091743119266056,0.6513761467889908,0.0,0.0,0.0,0.0,0.0,0.0
2008-09-14,0,0,0,30,183,0,0,0,0,0,0,360,0.0,0.0,0.0,0.08333333333333333,0.5083333333333333,0.0,0.0,0.0,0.0,0.0,0.0
2008-09-15,8,3,4,546,1092,0,3,0,1,2,7,2997,0.002669336002669336,0.001001001001001001,0.001334668001334668,0.18218218218218218,0.36436436436436437,0.0,0.001001001001001001,0.0,0.000333667000333667,0.000667334000667334,0.002335669002335669
2008-09-16,16,7,1,647,1090,2,3,2,2,0,1,3059,0.005230467473030402,0.002288329519450801,0.00032690421706440013,0.21150702844066688,0.35632559660019614,0.0006538084341288003,0.0009807126511932004,0.0006538084341288003,0.0006538084341288003,0.0,0.00032690421706440013
2008-09-17,24,5,1,538,975,2,4,1,0,0,1,2764,0.008683068017366137,0.001808972503617945,0.000361794500723589,0.19464544138929088,0.35274963820549926,0.000723589001447178,0.001447178002894356,0.000361794500723589,0.0,0.0,0.000361794500723589
2008-09-18,25,1,0,462,920,2,5,0,0,0,0,2686,0.009307520476545048,0.00037230081906180194,0.0,0.1720029784065525,0.3425167535368578,0.0007446016381236039,0.0018615040953090098,0.0,0.0,0.0,0.0
2008-09-19,11,0,0,407,729,0,5,0,0,0,0,1904,0.005777310924369748,0.0,0.0,0.21376050420168066,0.38287815126050423,0.0,0.0026260504201680674,0.0,0.0,0.0,0.0
2008-09-20,5,0,0,44,203,0,1,0,0,0,0,313,0.01597444089456869,0.0,0.0,0.14057507987220447,0.6485623003194888,0.0,0.003194888178913738,0.0,0.0,0.0,0.0
2008-09-21,0,0,0,50,187,0,0,0,0,0,0,331,0.0,0.0,0.0,0.1510574018126888,0.5649546827794562,0.0,0.0,0.0,0.0,0.0,0.0
2008-09-22,23,4,0,556,1017,4,8,1,1,0,0,2677,0.008591707134852447,0.0014942099364960778,0.0,0.2076951811729548,0.3799028763541277,0.0014942099364960778,0.0029884198729921555,0.00037355248412401944,0.00037355248412401944,0.0,0.0
2008-09-23,6,4,0,593,1275,0,0,1,1,0,0,3056,0.001963350785340314,0.0013089005235602095,0.0,0.19404450261780104,0.41721204188481675,0.0,0.0,0.0003272251308900524,0.0003272251308900524,0.0,0.0
2008-09-24,18,5,1,513,1125,0,1,0,2,0,2,2812,0.006401137980085348,0.0017780938833570413,0.00035561877667140827,0.18243243243243243,0.40007112375533427,0.0,0.00035561877667140827,0.0,0.0007112375533428165,0.0,0.0007112375533428165
2008-09-25,11,1,0,511,1254,0,0,0,0,0,0,2801,0.003927168868261335,0.0003570153516601214,0.0,0.18243484469832202,0.4476972509817922,0.0,0.0,0.0,0.0,0.0,0.0
2008-09-26,8,3,1,330,1105,3,2,0,1,1,2,2109,0.003793266951161688,0.001422475106685633,0.000474158368895211,0.15647226173541964,0.5239449976292082,0.001422475106685633,0.000948316737790422,0.0,0.000474158368895211,0.000474158368895211,0.000948316737790422
2008-09-27,0,0,0,23,178,0,0,0,0,0,0,280,0.0,0.0,0.0,0.08214285714285714,0.6357142857142857,0.0,0.0,0.0,0.0,0.0,0.0
2008-09-28,0,4,0,47,242,0,0,0,3,0,0,371,0.0,0.01078167115902965,0.0,0.12668463611859837,0.6522911051212938,0.0,0.0,0.0,0.008086253369272238,0.0,0.0
2008-09-29,24,0,1,466,1109,2,4,0,0,1,2,2749,0.008730447435431065,0.0,0.0003637686431429611,0.16951618770461988,0.40341942524554386,0.0007275372862859222,0.0014550745725718443,0.0,0.0,0.0003637686431429611,0.0007275372862859222
2008-09-30,6,0,0,497,1061,0,1,0,0,0,0,2717,0.002208317997791682,0.0,0.0,0.18292234081707767,0.3905042326094958,0.0,0.000368052999631947,0.0,0.0,0.0,0.0
2008-10-01,6,0,3,518,1088,1,1,0,0,0,4,2889,0.0020768431983385254,0.0,0.0010384215991692627,0.17930079612322603,0.3766008999653859,0.00034614053305642093,0.00034614053305642093,0.0,0.0,0.0,0.0013845621322256837
2008-10-02,2,2,0,457,987,0,1,0,2,0,0,2550,0.000784313725490196,0.000784313725490196,0.0,0.17921568627450982,0.3870588235294118,0.0,0.000392156862745098,0.0,0.000784313725490196,0.0,0.0
2008-10-03,5,2,0,299,895,0,1,0,0,0,0,1915,0.0026109660574412533,0.0010443864229765013,0.0,0.15613577023498695,0.46736292428198434,0.0,0.0005221932114882506,0.0,0.0,0.0,0.0
2008-10-04,0,0,0,13,141,0,0,0,0,0,0,252,0.0,0.0,0.0,0.051587301587301584,0.5595238095238095,0.0,0.0,0.0,0.0,0.0,0.0
2008-10-05,3,0,0,31,127,0,0,0,0,0,0,308,0.00974025974025974,0.0,0.0,0.10064935064935066,0.41233766233766234,0.0,0.0,0.0,0.0,0.0,0.0
2008-10-06,2,0,2,459,1124,0,0,0,0,2,4,2775,0.0007207207207207207,0.0,0.0007207207207207207,0.1654054054054054,0.40504504504504507,0.0,0.0,0.0,0.0,0.0007207207207207207,0.0014414414414414415
2008-10-07,12,2,2,594,1098,1,0,0,1,0,4,3073,0.0039049788480312398,0.0006508298080052066,0.0006508298080052066,0.19329645297754638,0.35730556459485846,0.0003254149040026033,0.0,0.0,0.0003254149040026033,0.0,0.0013016596160104132
2008-10-08,10,2,0,485,1105,0,7,0,3,0,0,2750,0.0036363636363636364,0.0007272727272727272,0.0,0.17636363636363636,0.4018181818181818,0.0,0.0025454545454545456,0.0,0.001090909090909091,0.0,0.0
2008-10-09,4,0,2,437,1020,0,0,0,0,0,5,2530,0.0015810276679841897,0.0,0.0007905138339920949,0.17272727272727273,0.4031620553359684,0.0,0.0,0.0,0.0,0.0,0.001976284584980237
2008-10-10,12,0,0,282,941,2,8,0,0,0,0,2118,0.0056657223796034,0.0,0.0,0.13314447592067988,0.4442870632672332,0.0009442870632672333,0.003777148253068933,0.0,0.0,0.0,0.0
2008-10-11,2,0,0,25,156,0,0,0,0,0,0,323,0.006191950464396285,0.0,0.0,0.07739938080495357,0.48297213622291024,0.0,0.0,0.0,0.0,0.0,0.0
2008-10-12,2,0,0,39,178,0,2,0,0,0,0,368,0.005434782608695652,0.0,0.0,0.10597826086956522,0.483695652173913,0.0,0.005434782608695652,0.0,0.0,0.0,0.0
2008-10-13,15,0,1,431,723,5,13,0,0,0,1,2256,0.006648936170212766,0.0,0.0004432624113475177,0.19104609929078015,0.3204787234042553,0.002216312056737589,0.00576241134751773,0.0,0.0,0.0,0.0004432624113475177
2008-10-14,21,1,2,551,1095,6,2,0,1,0,2,3047,0.006892024942566459,0.0003281916639317361,0.0006563833278634722,0.1808336068263866,0.35936987200525106,0.001969149983590417,0.0006563833278634722,0.0,0.0003281916639317361,0.0,0.0006563833278634722
2008-10-15,5,0,1,597,1190,0,0,0,0,0,2,3011,0.0016605778811026237,0.0,0.00033211557622052476,0.19827299900365328,0.39521753570242446,0.0,0.0,0.0,0.0,0.0,0.0006642311524410495
2008-10-16,7,1,1,499,1123,0,0,0,0,0,1,2742,0.002552881108679796,0.00036469730123997083,0.00036469730123997083,0.18198395331874545,0.40955506929248725,0.0,0.0,0.0,0.0,0.0,0.00036469730123997083
2008-10-17,3,0,1,469,846,1,2,0,0,1,1,2024,0.0014822134387351778,0.0,0.0004940711462450593,0.2317193675889328,0.41798418972332013,0.0004940711462450593,0.0009881422924901185,0.0,0.0,0.0004940711462450593,0.0004940711462450593
2008-10-18,0,0,0,15,99,0,0,0,0,0,0,203,0.0,0.0,0.0,0.07389162561576355,0.4876847290640394,0.0,0.0,0.0,0.0,0.0,0.0
2008-10-19,0,0,0,45,140,0,0,0,0,0,0,289,0.0,0.0,0.0,0.15570934256055363,0.4844290657439446,0.0,0.0,0.0,0.0,0.0,0.0
2008-10-20,3,3,0,544,953,0,2,0,0,0,0,2644,0.0011346444780635401,0.0011346444780635401,0.0,0.20574886535552195,0.3604387291981846,0.0,0.0007564296520423601,0.0,0.0,0.0,0.0
2008-10-21,8,4,3,499,1126,2,1,0,4,0,5,2917,0.002742543709290367,0.0013712718546451835,0.0010284538909838875,0.17106616386698664,0.38601302708261914,0.0006856359273225917,0.00034281796366129587,0.0,0.0013712718546451835,0.0,0.0017140898183064792
2008-10-22,2,0,2,495,1014,0,1,0,0,0,4,2793,0.0007160759040458289,0.0,0.0007160759040458289,0.17722878625134264,0.36305048335123524,0.0,0.00035803795202291446,0.0,0.0,0.0,0.0014321518080916578
2008-10-23,4,3,0,559,1052,0,3,0,4,0,0,2924,0.0013679890560875513,0.0010259917920656635,0.0,0.19117647058823528,0.359781121751026,0.0,0.0010259917920656635,0.0,0.0013679890560875513,0.0,0.0
2008-10-24,7,0,0,369,939,0,1,0,0,0,0,2091,0.003347680535628886,0.0,0.0,0.17647058823529413,0.4490674318507891,0.0,0.00047824007651841227,0.0,0.0,0.0,0.0
2008-10-25,0,0,0,29,139,0,0,0,0,0,0,232,0.0,0.0,0.0,0.125,0.5991379310344828,0.0,0.0,0.0,0.0,0.0,0.0
2008-10-26,1,0,0,37,169,0,0,0,0,0,0,362,0.0027624309392265192,0.0,0.0,0.10220994475138122,0.46685082872928174,0.0,0.0,0.0,0.0,0.0,0.0
2008-10-27,5,2,1,463,927,0,3,1,0,0,1,2611,0.0019149751053236309,0.0007659900421294523,0.00038299502106472615,0.17732669475296822,0.35503638452700115,0.0,0.0011489850631941786,0.00038299502106472615,0.0,0.0,0.00038299502106472615
2008-10-28,9,4,1,579,1001,0,4,0,1,0,2,3091,0.0029116790682626984,0.0012940795858945326,0.00032351989647363315,0.1873180200582336,0.3238434163701068,0.0,0.0012940795858945326,0.0,0.00032351989647363315,0.0,0.0006470397929472663
2008-10-29,4,7,0,591,1158,0,2,1,1,0,0,3074,0.0013012361743656475,0.002277163305139883,0.0,0.1922576447625244,0.3767078724788549,0.0,0.0006506180871828237,0.00032530904359141186,0.00032530904359141186,0.0,0.0
2008-10-30,4,7,0,561,1059,2,0,0,1,0,0,3075,0.0013008130081300813,0.0022764227642276423,0.0,0.1824390243902439,0.344390243902439,0.0006504065040650406,0.0,0.0,0.0003252032520325203,0.0,0.0
2008-10-31,14,5,0,360,922,0,1,0,0,0,0,2243,0.006241640659830584,0.002229157378510923,0.0,0.16049933125278645,0.41105662059741416,0.0,0.00044583147570218456,0.0,0.0,0.0,0.0
2008-11-01,0,0,0,14,129,0,0,0,0,0,0,249,0.0,0.0,0.0,0.05622489959839357,0.5180722891566265,0.0,0.0,0.0,0.0,0.0,0.0
2008-11-02,0,0,0,31,167,0,0,0,0,0,0,307,0.0,0.0,0.0,0.10097719869706841,0.5439739413680782,0.0,0.0,0.0,0.0,0.0,0.0
2008-11-03,4,5,3,529,897,0,2,0,3,1,7,6631,0.0006032272658724174,0.0007540340823405218,0.00045242044940431306,0.07977680591162721,0.13527371437188962,0.0,0.0003016136329362087,0.0,0.00045242044940431306,0.00015080681646810435,0.0010556477152767305
2008-11-04,4,3,0,447,789,1,0,0,0,0,0,2523,0.0015854141894569957,0.0011890606420927466,0.0,0.17717003567181927,0.31272294887039237,0.00039635354736424893,0.0,0.0,0.0,0.0,0.0
2008-11-05,4,4,2,529,974,0,1,0,0,0,5,2847,0.0014049877063575693,0.0014049877063575693,0.0007024938531787847,0.18580962416578856,0.3421145064980681,0.0,0.00035124692658939234,0.0,0.0,0.0,0.0017562346329469617
2008-11-06,4,1,1,518,1136,0,1,0,0,0,1,3233,0.0012372409526755336,0.0003093102381688834,0.0003093102381688834,0.1602227033714816,0.3513764305598515,0.0,0.0003093102381688834,0.0,0.0,0.0,0.0003093102381688834
2008-11-07,2,1,0,406,819,0,1,0,0,0,0,2132,0.0009380863039399625,0.00046904315196998124,0.0,0.1904315196998124,0.38414634146341464,0.0,0.00046904315196998124,0.0,0.0,0.0,0.0
2008-11-08,0,0,0,37,149,0,0,0,0,0,0,279,0.0,0.0,0.0,0.13261648745519714,0.5340501792114696,0.0,0.0,0.0,0.0,0.0,0.0
2008-11-09,0,0,0,37,165,0,0,0,0,0,0,332,0.0,0.0,0.0,0.11144578313253012,0.49698795180722893,0.0,0.0,0.0,0.0,0.0,0.0
2008-11-10,0,2,0,600,1017,0,0,0,0,0,0,3001,0.0,0.0006664445184938354,0.0,0.19993335554815062,0.3388870376541153,0.0,0.0,0.0,0.0,0.0,0.0
2008-11-11,16,4,2,575,983,2,0,1,3,0,2,2773,0.00576992426974396,0.00144248106743599,0.000721240533717995,0.20735665344392354,0.3544897223223945,0.000721240533717995,0.0,0.0003606202668589975,0.0010818608005769925,0.0,0.000721240533717995
2008-11-12,11,3,0,587,1110,1,7,0,1,0,0,2935,0.003747870528109029,0.0010221465076660989,0.0,0.2,0.3781942078364566,0.00034071550255536625,0.002385008517887564,0.0,0.00034071550255536625,0.0,0.0
2008-11-13,10,0,1,626,1109,0,1,0,0,0,1,2991,0.003343363423604146,0.0,0.00033433634236041456,0.20929455031761954,0.3707790036776998,0.0,0.00033433634236041456,0.0,0.0,0.0,0.00033433634236041456
2008-11-14,21,0,1,423,800,0,5,0,0,0,2,2320,0.009051724137931035,0.0,0.0004310344827586207,0.18232758620689654,0.3448275862068966,0.0,0.0021551724137931034,0.0,0.0,0.0,0.0008620689655172414
2008-11-15,0,0,0,37,137,0,0,0,0,0,0,321,0.0,0.0,0.0,0.11526479750778816,0.42679127725856697,0.0,0.0,0.0,0.0,0.0,0.0
2008-11-16,0,0,0,45,150,0,0,0,0,0,0,285,0.0,0.0,0.0,0.15789473684210525,0.5263157894736842,0.0,0.0,0.0,0.0,0.0,0.0
2008-11-17,2,1,2,497,884,0,0,0,0,0,4,2375,0.0008421052631578948,0.0004210526315789474,0.0008421052631578948,0.20926315789473685,0.3722105263157895,0.0,0.0,0.0,0.0,0.0,0.0016842105263157896
2008-11-18,2,0,1,288,818,0,0,0,0,0,1,1912,0.0010460251046025104,0.0,0.0005230125523012552,0.1506276150627615,0.42782426778242677,0.0,0.0,0.0,0.0,0.0,0.0005230125523012552
2008-11-19,11,0,0,457,948,0,0,0,0,0,0,2462,0.004467912266450041,0.0,0.0,0.18562144597887897,0.3850528025995126,0.0,0.0,0.0,0.0,0.0,0.0
2008-11-20,2,1,1,501,1155,0,1,0,0,0,1,2653,0.0007538635506973238,0.0003769317753486619,0.0003769317753486619,0.1888428194496796,0.43535620052770446,0.0,0.0003769317753486619,0.0,0.0,0.0,0.0003769317753486619
2008-11-21,12,3,0,417,818,2,0,0,0,0,0,2026,0.005923000987166831,0.0014807502467917078,0.0,0.2058242843040474,0.403751233958539,0.0009871668311944718,0.0,0.0,0.0,0.0,0.0
2008-11-22,0,0,0,17,159,0,0,0,0,0,0,256,0.0,0.0,0.0,0.06640625,0.62109375,0.0,0.0,0.0,0.0,0.0,0.0
2008-11-23,1,0,0,34,114,1,0,0,0,0,0,277,0.0036101083032490976,0.0,0.0,0.12274368231046931,0.41155234657039713,0.0036101083032490976,0.0,0.0,0.0,0.0,0.0
2008-11-24,25,0,1,450,866,2,1,0,0,0,2,2389,0.010464629552113856,0.0,0.0004185851820845542,0.18836333193804938,0.36249476768522393,0.0008371703641691084,0.0004185851820845542,0.0,0.0,0.0,0.0008371703641691084
2008-11-25,2,2,1,480,1005,1,1,0,1,0,2,2435,0.0008213552361396304,0.0008213552361396304,0.0004106776180698152,0.1971252566735113,0.4127310061601643,0.0004106776180698152,0.0004106776180698152,0.0,0.0004106776180698152,0.0,0.0008213552361396304
2008-11-26,12,1,1,475,1007,1,2,0,0,0,2,2208,0.005434782608695652,0.0004528985507246377,0.0004528985507246377,0.2151268115942029,0.45606884057971014,0.0004528985507246377,0.0009057971014492754,0.0,0.0,0.0,0.0009057971014492754
2008-11-27,13,0,0,281,627,2,0,0,0,0,0,1386,0.00937950937950938,0.0,0.0,0.20274170274170275,0.4523809523809524,0.001443001443001443,0.0,0.0,0.0,0.0,0.0
2008-11-28,4,2,0,209,580,0,0,2,0,0,0,1359,0.0029433406916850625,0.0014716703458425313,0.0,0.15378955114054452,0.42678440029433407,0.0,0.0,0.0014716703458425313,0.0,0.0,0.0
2008-11-29,0,0,1,21,134,0,0,0,0,1,1,264,0.0,0.0,0.003787878787878788,0.07954545454545454,0.5075757575757576,0.0,0.0,0.0,0.0,0.003787878787878788,0.003787878787878788
2008-11-30,0,0,0,41,151,0,0,0,0,0,0,301,0.0,0.0,0.0,0.1362126245847176,0.5016611295681063,0.0,0.0,0.0,0.0,0.0,0.0
2008-12-01,9,0,1,438,944,0,3,0,0,0,2,2404,0.0037437603993344427,0.0,0.00041597337770382697,0.1821963394342762,0.39267886855241263,0.0,0.0012479201331114808,0.0,0.0,0.0,0.0008319467554076539
2008-12-02,5,1,0,589,1043,0,0,0,1,0,0,2798,0.0017869907076483202,0.00035739814152966406,0.0,0.21050750536097212,0.3727662616154396,0.0,0.0,0.0,0.00035739814152966406,0.0,0.0
2008-12-03,8,7,1,535,1030,0,0,0,5,0,1,2581,0.0030995738086013174,0.0027121270825261525,0.0003874467260751647,0.20728399845021309,0.39907012785741963,0.0,0.0,0.0,0.0019372336303758234,0.0,0.0003874467260751647
2008-12-04,7,6,0,465,1003,1,0,0,2,0,0,2506,0.002793296089385475,0.0023942537909018356,0.0,0.18555466879489227,0.4002394253790902,0.0003990422984836393,0.0,0.0,0.0007980845969672786,0.0,0.0
2008-12-05,6,2,1,325,810,2,3,0,2,0,2,1822,0.003293084522502744,0.0010976948408342481,0.0005488474204171241,0.1783754116355653,0.4445664105378705,0.0010976948408342481,0.001646542261251372,0.0,0.0010976948408342481,0.0,0.0010976948408342481
2008-12-06,0,0,1,28,170,0,0,0,0,0,2,270,0.0,0.0,0.003703703703703704,0.1037037037037037,0.6296296296296297,0.0,0.0,0.0,0.0,0.0,0.007407407407407408
2008-12-07,0,1,0,31,116,0,0,0,0,0,0,251,0.0,0.00398406374501992,0.0,0.12350597609561753,0.46215139442231074,0.0,0.0,0.0,0.0,0.0,0.0
2008-12-08,4,1,3,570,894,2,0,0,0,0,3,2420,0.001652892561983471,0.00041322314049586776,0.0012396694214876034,0.23553719008264462,0.3694214876033058,0.0008264462809917355,0.0,0.0,0.0,0.0,0.0012396694214876034
2008-12-09,20,1,0,570,1084,6,1,0,0,0,0,2666,0.007501875468867217,0.00037509377344336085,0.0,0.21380345086271568,0.40660165041260315,0.002250562640660165,0.00037509377344336085,0.0,0.0,0.0,0.0
2008-12-10,6,2,0,552,925,1,2,0,1,0,0,2503,0.0023971234518577705,0.0007990411506192569,0.0,0.2205353575709149,0.3695565321614063,0.00039952057530962844,0.0007990411506192569,0.0,0.00039952057530962844,0.0,0.0
2008-12-11,4,1,2,503,1058,1,3,0,1,0,4,2444,0.0016366612111292963,0.0004091653027823241,0.0008183306055646482,0.205810147299509,0.4328968903436989,0.0004091653027823241,0.0012274959083469722,0.0,0.0004091653027823241,0.0,0.0016366612111292963
2008-12-12,3,2,2,295,921,0,1,0,2,1,3,1846,0.0016251354279523294,0.0010834236186348862,0.0010834236186348862,0.1598049837486457,0.4989165763813651,0.0,0.0005417118093174431,0.0,0.0010834236186348862,0.0005417118093174431,0.0016251354279523294
2008-12-13,0,0,1,21,142,0,0,0,0,0,2,255,0.0,0.0,0.00392156862745098,0.08235294117647059,0.5568627450980392,0.0,0.0,0.0,0.0,0.0,0.00784313725490196
2008-12-14,0,0,0,23,134,0,0,0,0,0,0,265,0.0,0.0,0.0,0.08679245283018867,0.5056603773584906,0.0,0.0,0.0,0.0,0.0,0.0
2008-12-15,1,2,0,547,1073,0,0,2,0,0,0,2535,0.0003944773175542406,0.0007889546351084812,0.0,0.21577909270216963,0.4232741617357002,0.0,0.0,0.0007889546351084812,0.0,0.0,0.0
2008-12-16,1,7,1,480,990,0,1,0,8,0,1,2620,0.0003816793893129771,0.0026717557251908397,0.0003816793893129771,0.183206106870229,0.37786259541984735,0.0,0.0003816793893129771,0.0,0.0030534351145038168,0.0,0.0003816793893129771
2008-12-17,19,1,1,514,1093,0,13,0,1,0,2,2569,0.007395873880887505,0.00038925652004671076,0.00038925652004671076,0.20007785130400935,0.4254573764110549,0.0,0.00506033476060724,0.0,0.00038925652004671076,0.0,0.0007785130400934215
2008-12-18,3,0,0,526,1078,0,2,0,0,0,0,2543,0.0011797090051120724,0.0,0.0,0.20684231222965002,0.4239087691702713,0.0,0.0007864726700747149,0.0,0.0,0.0,0.0
2008-12-19,2,0,1,394,845,1,1,0,0,0,3,1954,0.0010235414534288639,0.0,0.0005117707267144319,0.2016376663254862,0.43244626407369496,0.0005117707267144319,0.0005117707267144319,0.0,0.0,0.0,0.0015353121801432957
2008-12-20,0,0,0,21,119,0,0,0,0,0,0,182,0.0,0.0,0.0,0.11538461538461539,0.6538461538461539,0.0,0.0,0.0,0.0,0.0,0.0
2008-12-21,0,0,0,36,87,0,0,0,0,0,0,219,0.0,0.0,0.0,0.1643835616438356,0.3972602739726027,0.0,0.0,0.0,0.0,0.0,0.0
2008-12-22,0,0,0,148,505,0,0,0,0,0,0,1097,0.0,0.0,0.0,0.1349134001823154,0.4603463992707384,0.0,0.0,0.0,0.0,0.0,0.0
2008-12-23,3,0,0,149,478,0,0,0,0,0,0,1098,0.00273224043715847,0.0,0.0,0.13570127504553733,0.4353369763205829,0.0,0.0,0.0,0.0,0.0,0.0
2008-12-24,2,0,0,142,327,0,0,0,0,0,0,812,0.0024630541871921183,0.0,0.0,0.1748768472906404,0.4027093596059113,0.0,0.0,0.0,0.0,0.0,0.0
2008-12-25,0,0,0,23,80,0,0,0,0,0,0,198,0.0,0.0,0.0,0.11616161616161616,0.40404040404040403,0.0,0.0,0.0,0.0,0.0,0.0
2008-12-26,0,0,0,44,213,0,0,0,0,0,0,479,0.0,0.0,0.0,0.0918580375782881,0.44467640918580376,0.0,0.0,0.0,0.0,0.0,0.0
2008-12-27,0,0,0,8,122,0,0,0,0,0,0,191,0.0,0.0,0.0,0.041884816753926704,0.6387434554973822,0.0,0.0,0.0,0.0,0.0,0.0
2008-12-28,0,0,0,6,128,0,0,0,0,0,0,269,0.0,0.0,0.0,0.022304832713754646,0.4758364312267658,0.0,0.0,0.0,0.0,0.0,0.0
2008-12-29,0,0,0,232,526,0,0,0,0,0,0,1429,0.0,0.0,0.0,0.16235129461161651,0.36808957312806156,0.0,0.0,0.0,0.0,0.0,0.0
2008-12-30,2,0,0,236,506,2,0,0,0,0,0,1301,0.0015372790161414297,0.0,0.0,0.1813989239046887,0.3889315910837817,0.0015372790161414297,0.0,0.0,0.0,0.0,0.0
2008-12-31,2,0,0,132,421,0,2,0,0,0,0,986,0.002028397565922921,0.0,0.0,0.13387423935091278,0.42697768762677485,0.0,0.002028397565922921,0.0,0.0,0.0,0.0
